money_id ,unit_money ,quantity_money ,
money1,  ,  ,
money2,  ,  ,
money3,  ,  ,
money4,  ,  ,
money5,  ,  ,
money6,  ,  ,
money7,  ,  ,
money8,  ,  ,
money9,  ,  ,
money10,  ,  ,
money11,  ,  ,
money12,  ,  ,
money13,  ,  ,
money14,  ,  ,
money15,  ,  ,
money16,  ,  ,
money17,  ,  ,
money18,  ,  ,
money19,  ,  ,
money20,  ,  ,
money21,  ,  ,
money22,  ,  ,
money23,  ,  ,
money24,  ,  ,
money25,  ,  ,
money26,  ,  ,
money27,  ,  ,
money28,  ,  ,
money29,  ,  ,
money30,  ,  ,
money31,  ,  ,
money32,  ,  ,
money33,  ,  ,
money34,  ,  ,
money35,  ,  ,
money36,  ,  ,
money37,  ,  ,
money38,  ,  ,
money39,  ,  ,
money40,  ,  ,
money41,  ,  ,
money42,  ,  ,
money43,  ,  ,
money44,  ,  ,
money45,  ,  ,
money46,  ,  ,
money47,  ,  ,
money48,  ,  ,
money49,  ,  ,
money50,  ,  ,
money51,cents ,33,
money52,cents ,56,
money53,dollars ,5,
money54,dollars ,7,
money55,dollars ,2,
money56,cents ,25,
money57,dollars ,1,
money58,cents ,75,
money59,dollars ,5,
money60,cents ,40,
money61,cents ,17,
money62,cents ,43,
money63,dollars ,1,
money64,cents ,50,
money65,cents ,63,
money66,cents ,56,
money67,cents ,50,
money68,cents ,50,
money69,cents ,17,
money70,cents ,25,
money71,cents ,25,
money72,cents ,25,
money73,cents ,13,
money74,cents ,15,
money75,cents ,88,
money76,cents ,52,
money77,dollars ,1,
money78,cents ,75,
money79,cents ,75,
money80,dollars ,5,
money81,cents ,88,
money82,cents ,88,
money83,cents ,50,
money84,cents ,50,
money85,cents ,50,
money86,cents ,50,
money87,dollars ,18,
money88,cents ,28,
money89,dollars ,2,
money90,cents ,64,
money91,dollars ,5,
money92,dollars ,1,
money93,cents ,75,
money94,cents ,84,
money95,dollars ,3,
money96,cents ,38,
money97,dollars ,1,
money98,cents ,56,
money99,dollars ,1,
money100,dollars ,1,
money101,cents ,13,
money102,dollars ,5,
money103,dollars ,2,
money104,dollars ,1,
money105,cents ,88,
money106,dollars ,2,
money107,dollars ,4,
money108,cents ,53,
money109,dollars ,1,
money110,cents ,25,
money111,dollars ,1,
money112,dollars ,3,
money113,cents ,30,
money114,dollars ,0.5,
money115,cents ,10,
money116,cents ,56,
money117,dollars ,5,
money118,dollars ,3,
money119,cents ,77,
money120,cents ,75,
money121,cents ,50,
money122,cents ,45,
money123,cents ,20,
money124,dollars ,10,
money125,cents ,88,
money126,cents ,47,
money127,cents ,38,
money128,dollars ,16,
money129,dollars ,2,
money130,dollars ,10,
money131,cents ,75,
money132,cents ,25,
money133,dollars ,5,
money134,cents ,17,
money135,cents ,50,
money136,cents ,50,
money137,cents ,25,
money138,cents ,25,
money139,dollars ,7,
money140,cents ,48,
money141,dollars ,13,
money142,cents ,50,
money143,dollars ,8,
money144,cents ,58,
money145,cents ,77,
money146,cents ,77,
money147,cents ,25,
money148,dollars ,6,
money149,cents ,42,
money150,cents ,42,
money151,dollars ,4,
money152,dollars ,3,
money153,cents ,33,
money154,cents ,33,
money155,dollars ,3,
money156,dollars ,3,
money157,dollars ,1,
money158,cents ,25,
money159,dollars ,25,
money160,cents ,41,
money161,dollars ,18,
money162,dollars ,5,
money163,cents ,50,
money164,dollars ,2,
money165,cents ,17,
money166,dollars ,32,
money167,dollars ,4,
money168,dollars ,4,
money169,cents ,95,
money170,cents ,95,
money171,  ,  ,
money172,cents ,50,
money173,dollars ,1,
money174,cents ,50,
money175,dollars ,1,
money176,dollars ,1,
money177,cents ,25,
money178,cents ,25,
money179,dollars ,6,
money180,dollars ,6,
money181,dollars ,1,
money182,dollars ,1,
money183,cents ,50,
money184,cents ,50,
money185,dollars ,10,
money186,dollars ,10,
money187,dollars ,20,
money188,dollars ,20,
money189,dollars ,3,
money190,dollars ,3,
money191,dollars ,25,
money192,dollars ,25,
money193,dollars ,2,
money194,dollars ,2,
money195,dollars ,1,
money196,dollars ,1,
money197,cents ,16,
money198,cents ,16,
money199,dollars ,5,
money200,dollars ,5,
money201,dollars ,150,
money202,dollars ,150,
money203,dollars ,80,
money204,dollars ,80,
money205,dollars ,16,
money206,dollars ,16,
money207,dollars ,2,
money208,dollars ,2,
money209,cents ,20,
money210,cents ,20,
money211,dollars ,25,
money212,dollars ,25,
money213,cents ,33,
money214,cents ,33,
money215,dollars ,2,
money216,dollars ,2,
money217,cents ,26,
money218,cents ,26,
money219,dollars ,1,
money220,dollars ,1,
money221,cents ,44,
money222,cents ,44,
money223,dollars ,150,
money224,dollars ,150,
money225,dollars ,2,
money226,dollars ,2,
money227,dollars ,164,
money228,dollars ,164,
money229,cents ,30,
money230,cents ,30,
money231,dollars ,10,
money232,dollars ,10,
money233,dollars ,15,
money234,dollars ,15,
money235,cents ,6,
money236,cents ,6,
money237,cents ,54,
money238,cents ,54,
money239,dollars ,75,
money240,dollars ,75,
money241,dollars ,333,
money242,dollars ,333,
money243,dollars ,2,
money244,dollars ,2,
money245,dollars ,3,
money246,dollars ,3,
money247,dollars ,1,
money248,dollars ,1,
money249,cents ,25,
money250,cents ,25,
money251,dollars ,12,
money252,dollars ,12,
money253,cents ,43,
money254,cents ,43,
money255,dollars ,1,
money256,cents ,75,
money257,dollars ,300,
money258,dollars ,300,
money259,dollars ,6,
money260,dollars ,6,
money261,cents ,1,
money262,cents ,1,
money263,dollars ,1,
money264,dollars ,1,
money265,cents ,50,
money266,cents ,50,
money267,dollars ,15,
money268,dollars ,2,
money269,dollars ,2,
money270,dollars ,10,
money271,dollars ,10,
money272,dollars ,28,
money273,dollars ,1,
money274,cents ,59,
money275,dollars ,1,
money276,dollars ,2,
money277,dollars ,2,
money278,cents ,84,
money279,dollars ,1,
money280,cents ,3,
money281,cents ,6,
money282,cents ,10,
money283,dollars ,3,
money284,cents ,50,
money285,dollars ,2,
money286,dollars ,3,
money287,dollars ,1,
money288,cents ,75,
money289,dollars ,2,
money290,dollars ,4,
money291,cents ,20,
money292,dollars ,20,
money293,dollars ,30,
money294,dollars ,0.5,
money295,dollars ,16,
money296,cents ,28,
money297,dollars ,1,
money298,cents ,25,
money299,dollars ,30,
money300,dollars ,2,
money301,cents ,50,
money302,cents ,63,
money303,cents ,50,
money304,dollars ,1,
money305,dollars ,1,
money306,dollars ,1,
money307,dollars ,1,
money308,cents ,6,
money309,dollars ,5,
money310,dollars ,1,
money311,cents ,8,
money312,dollars ,10,
money313,dollars ,1,
money314,cents ,44,
money315,dollars ,25,
money316,dollars ,1,
money317,cents ,13,
money318,dollars ,14,
money319,cents ,17,
money320,dollars ,4,
money321,cents ,52,
money322,dollars ,6,
money323,dollars ,25,
money324,dollars ,25,
money325,dollars ,2.5,
money326,dollars ,2,
money327,cents ,50,
money328,dollars ,3,
money329,cents ,8,
money330,dollars ,1,
money331,cents ,50,
money332,dollars ,5,
money333,dollars ,1,
money334,dollars ,1,
money335,dollars ,10,
money336,dollars ,3,
money337,cents ,96,
money338,dollars ,5,
money339,dollars ,1,
money340,dollars ,4,
money341,dollars ,4.24,
money342,dollars ,12,
money343,cents ,75,
money344,dollars ,2,
money345,dollars ,4,
money346,dollars ,10,
money347,cents ,50,
money348,dollars ,125,
money349,dollars ,1,
money350,cents ,32,
money351,dollars ,8,
money352,dollars ,2,
money353,dollars ,8,
money354,cents ,45,
money355,cents ,93,
money356,cents ,73,
money357,dollars ,4,
money358,cents ,5,
money359,cents ,75,
money360,dollars ,2,
money361,dollars ,5,
money362,dollars ,6,
money363,cents ,75,
money364,dollars ,12,
money365,cents ,83,
money366,dollars ,1,
money367,cents ,50,
money368,dollars ,1,
money369,cents ,50,
money370,cents ,65,
money371,cents ,50,
money372,dollars ,10,
money373,dollars ,2,
money374,dollars ,10,
money375,dollars ,5,
money376,dollars ,2,
money377,cents ,50,
money378,dollars ,2,
money379,dollars ,2,
money380,dollars ,2,
money381,dollars ,2,
money382,dollars ,2,
money383,cents ,33,
money384,dollars ,2,
money385,cents ,20,
money386,dollars ,5,
money387,dollars ,2,
money388,dollars ,2,
money389,dollars ,30,
money390,dollars ,18,
money391,cents ,64,
money392,cents ,52,
money393,dollars ,3,
money394,dollars ,2,
money395,cents ,25,
money396,cents ,50,
money397,dollars ,7,
money398,dollars ,5,
money399,cents ,70,
money400,cents ,28,
money401,cents ,67,
money402,cents ,56,
money403,dollars ,1,
money404,cents ,38,
money405,dollars ,5,
money406,dollars ,20,
money407,dollars ,20,
money408,cents ,13,
money409,dollars ,2,
money410,cents ,13,
money411,cents ,70,
money412,cents ,70,
money413,dollars ,1,
money414,cents ,43,
money415,cents ,42,
money416,dollars ,2,
money417,cents ,25,
money418,dollars ,1,
money419,cents ,50,
money420,dollars ,31,
money421,cents ,20,
money422,dollars ,6,
money423,dollars ,6,
money424,cents ,69,
money425,cents ,69,
money426,dollars ,4,
money427,dollars ,4,
money428,cents ,50,
money429,cents ,50,
money430,dollars ,10,
money431,dollars ,5,
money432,dollars ,1,
money433,cents ,50,
money434,cents ,84,
money435,cents ,13,
money436,cents ,45,
money437,dollars ,1,
money438,dollars ,1,
money439,cents ,75,
money440,cents ,75,
money441,cents ,33,
money442,dollars ,1,
money443,cents ,20,
money444,cents ,67,
money445,dollars ,2,
money446,dollars ,2,
money447,cents ,23,
money448,cents ,23,
money449,dollars ,2,
money450,cents ,25,
money451,dollars ,9,
money452,cents ,97,
money453,dollars ,2,
money454,cents ,50,
money455,dollars ,1,
money456,cents ,45,
money457,cents ,55,
money458,cents ,50,
money459,dollars ,1,
money460,cents ,75,
money461,dollars ,20,
money462,dollars ,1,
money463,cents ,50,
money464,dollars ,10,
money465,cents ,94,
money466,dollars ,2,
money467,cents ,50,
money468,dollars ,2,
money469,dollars ,32,
money470,cents ,50,
money471,dollars ,9,
money472,cents ,87,
money473,dollars ,2.88,
money474,cents ,60,
money475,dollars ,3,
money476,cents ,48,
money477,dollars ,3,
money478,cents ,51,
money479,dollars ,2.8,
money480,dollars ,2,
money481,cents ,20,
money482,dollars ,5,
money483,cents ,40,
money484,dollars ,1,
money485,cents ,16,
money486,dollars ,12,
money487,dollars ,1,
money488,cents ,33,
money489,dollars ,3,
money490,dollars ,3,
money491,cents ,50,
money492,dollars ,20,
money493,dollars ,3,
money494,dollars ,5,
money495,dollars ,5,
money496,dollars ,2,
money497,dollars ,3,
money498,dollars ,2,
money499,cents ,72,
money500,cents ,21,
money501,dollars ,60,
money502,cents ,64,
money503,dollars ,28,
money504,cents ,6,
money505,cents ,6,
money506,cents ,13,
money507,cents ,6,
money508,cents ,25,
money509,cents ,10,
money510,cents ,6,
money511,cents ,2,
money512,cents ,6,
money513,dollar ,1,
money514,cents ,25,
money515,cents ,6,
money516,cents ,6,
money517,cents ,1,
money518,cents ,6,
money519,cents ,50,
money520,cents ,29,
money521,cents ,9,
money522,cents ,13,
money523,cents ,20,
money524,dollar ,1,
money525,cents ,25,
money526,cents ,6,
money527,cents ,6,
money528,cents ,6,
money529,cents ,42,
money530,cents ,40,
money531,cents ,14,
money532,dollars ,20,
money533,dollars ,1,
money534,cents ,25,
money535,cents ,10,
money536,cents ,88,
money537,dollars ,3,
money538,dollars ,5,
money539,cents ,8,
money540,cents ,90,
money541,cents ,28,
money542,dollars ,8,
money543,cents ,88,
money544,dollars ,4,
money545,dollars ,2,
money546,cents ,25,
money547,Dollars ,1,
money548,cents ,42,
money549,cents ,25,
money550,dollars ,1,
money551,cents ,75,
money552,dollars ,2,
money553,cents ,50,
money554,dollars ,13,
money555,cents ,93,
money556,dollars ,2,
money557,dollars ,1,
money558,dollars ,1,
money559,cents ,25,
money560,dollars ,2,
money561,cents ,75,
money562,dollars ,1,
money563,cents ,28,
money564,dollars ,2,
money565,dollars ,2,
money566,cents ,50,
money567,Dollars ,1,
money568,cents ,50,
money569,cents ,50,
money570,cents ,48,
money571,Dollars ,1,
money572,cents ,12,
money573,Dollars ,1,
money574,cents ,30,
money575,Dollars ,1,
money576,cents ,63,
money577,dollars ,2,
money578,dollars ,5,
money579,dollars ,1,
money580,dollars ,8,
money581,cents ,90,
money582,dollars ,3,
money583,cents ,70,
money584,dollars ,5,
money585,cents ,35,
money586,dollars ,4,
money587,cents ,0.5,
money588,dollars ,1,
money589,cents ,19,
money590,cents ,25,
money591,cents ,25,
money592,dollars ,3,
money593,dollars ,1,
money594,cents ,30,
money595,cents ,50,
money596,dollars ,9,
money597,cents ,50,
pers_WCDH002 ,L.M. Wheaton ,dollars ,  
pers_WCDH002 ,L.M. Wheaton ,cents ,  
money600,cents ,75,
money601,dollars ,5,
money602,dollars ,5,
money603,dollars ,1,
money604,dollars ,1,
money605,cents ,80,
money606,cents ,80,
money607,cents ,25,
money608,cents ,25,
money609,dollars ,4,
money610,dollars ,4,
money611,dollars ,5,
money612,dollars ,5,
money613,dollars ,3,
money614,dollars ,3,
money615,dollars ,2,
money616,dollars ,2,
money617,dollars ,32,
money618,dollars ,32,
money619,cents ,50,
money620,cents ,50,
money621,dollars ,34,
money622,dollars ,34,
money623,cents ,42,
money624,cents ,42,
money625,dollars ,6,
money626,dollars ,6,
money627,dollars ,20,
money628,dollars ,20,
money629,cents ,9.5,
money630,dollars ,1,
money631,dollars ,1,
money632,cents ,62,
money633,cents ,62,
money634,cents ,93,
money635,dollars ,6,
money636,dollars ,6,
money637,cents ,22,
money638,cents ,22,
money639,dollars ,1,
money640,dollars ,1,
money641,cents ,50,
money642,cents ,50,
money643,dollars ,8,
money644,dollars ,8,
money645,dollars ,5,
money646,dollars ,5,
money647,dollars ,4,
money648,dollars ,4,
money649,dollars ,3,
money650,dollars ,3,
money651,cents ,50,
money652,cents ,50,
money653,dollars ,49,
money654,dollars ,49,
money655,cents ,12,
money656,cents ,12,
money657,dollars ,5,
money658,dollars ,5,
money659,dollars ,10,
money660,dollars ,10,
money661,cents ,16,
money662,cents ,16,
money663,dollars ,5,
money664,dollars ,5,
money665,dollars ,5,
money666,dollars ,5,
money667,dollars ,16,
money668,dollars ,16,
money669,dollars ,4,
money670,dollars ,4,
money671,cents ,32,
money672,cents ,32,
money673,dollars ,2,
money674,dollars ,2,
money675,dollars ,2,
money676,dollars ,2,
money677,cents ,83,
money678,cents ,83,
money679,dollars ,1,
money680,dollars ,1,
money681,dollars ,6,
money682,dollars ,6,
money683,cents ,25,
money684,cents ,50,
money685,cents ,50,
money686,dollars ,2,
money687,cents ,25,
money688,cents ,36,
money689,dollars ,1,
money690,cents ,9,
money691,dollars ,3,
money692,dollars ,5,
money693,dollars ,5,
money694,cents ,50,
money695,cents ,50,
money696,dollars ,4,
money697,dollars ,4,
money698,dollars ,2,
money699,dollars ,1,
money700,dollars ,1,
money701,cents ,30,
money702,cents ,30,
money703,dollars ,9,
money704,dollars ,8,
money705,cents ,50,
money706,dollars ,12,
money707,dollars ,1,
money708,cents ,12,
money709,dollars ,3,
money710,dollars ,3,
money711,dollars ,1,
money712,cents ,5,
money713,dollars ,1,
money714,cents ,9,
money715,cents ,50,
money716,dollars ,1,
money717,cents ,2,
money718,dollars ,2,
money719,cents ,8,
money720,dollars ,11,
money721,cents ,50,
money722,dollars ,2,
money723,cents ,10,
money724,dollars ,1,
money725,cents ,50,
money726,cents ,21,
money727,cents ,25,
money728,dollars ,1,
money729,dollars ,3,
money730,dollars ,10,
money731,cents ,25,
money732,dollars ,50,
money733,dollars ,10,
money734,dollars ,21,
money735,dollars ,26,
money736,dollars ,10,
money737,cents ,84,
money738,dollars ,2,
money739,cents ,4,
money740,cents ,20,
money741,dollars ,8,
money742,dollars ,8,
money743,cents ,3,
money744,cents ,3,
money745,dollars ,10,
money746,dollars ,5,
money747,dollars ,5,
money748,dollars ,10,
money749,cents ,80,
money750,dollars ,7,
money751,dollars ,9,
money752,cents ,42,
money753,dollars ,2,
money754,cents ,50,
money755,dollars ,12,
money756,dollars ,1.8,
money757,dollars ,2,
money758,dollars ,5,
money759,dollars ,4,
money760,cents ,71,
money761,dollars ,1,
money762,cents ,26,
money763,cents ,27,
money764,dollars ,10,
money765,dollars ,32,
money766,cents ,40,
money767,dollars ,6,
money768,cents ,25,
money769,dollars ,1,
money770,cents ,25,
money771,dollars ,4,
money772,cents ,50,
money773,dollars ,1,
money774,dollars ,1,
money775,dollars ,1,
money776,cents ,25,
money777,cents ,25,
money778,dollars ,1,
money779,dollars ,1,
money780,dollars ,5,
money781,dollars ,5,
money782,dollars ,30,
money783,dollars ,2,
money784,dollars ,2,
money785,cents ,58,
money786,dollars ,2,
money787,cents ,50,
money788,dollars ,10,
money789,cents ,90,
money790,  ,  ,
money791,  ,  ,
money792,cents ,75,
money793,dollars ,1,
money794,cents ,50,
money795,dollars ,3,
money796,cents ,60,
money797,dollars ,130,
money798,dollars ,130,
money799,dollars ,50,
money800,dollars ,50,
money801,dollars ,1,
money802,dollars ,1,
money803,dollars ,18,
money804,cents ,60,
money805,dollars ,0.5,
money806,dollars ,33,
money807,cents ,71,
money808,dollars ,7,
money809,cents ,23,
money810,dollars ,2,
money811,cents ,10,
money812,dollars ,20,
money813,dollars ,20,
money814,dollars ,1,
money815,cents ,25,
money816,dollars ,20,
money817,dollars ,20,
money818,dollars ,40,
money819,dollars ,40,
money820,cents ,75,
money821,cents ,75,
money822,dollars ,75,
money823,dollars ,75,
money824,dollars ,75,
money825,dollars ,75,
money826,cents ,17,
money827,dollars ,1,
money828,dollars ,5,
money829,dollars ,5,
money830,dollars ,1,
money831,dollars ,1,
money832,cents ,57,
money833,cents ,57,
money834,dollars ,3,
money835,dollars ,3,
money836,cents ,50,
money837,cents ,50,
money838,dollars ,5,
money839,dollars ,5,
money840,dollars ,12,
money841,dollars ,12,
money842,cents ,65,
money843,cents ,65,
money844,cents ,25,
money845,cents ,25,
money846,dollars ,26,
money847,dollars ,26,
money848,cents ,10,
money849,cents ,10,
money850,dollars ,5,
money851,cents ,25,
money852,cents ,11,
money853,cents ,11,
money854,cents ,85,
money855,cents ,85,
money856,dollars ,0.5,
money857,dollars ,16,
money858,cents ,69,
money859,dollars ,2,
money860,cents ,25,
money861,dollars ,6,
money862,dollars ,3,
money863,dollars ,58,
money864,cents ,50,
money865,dollars ,1,
money866,cents ,50,
money867,dollars ,4,
money868,cents ,95,
money869,dollars ,140,
money870,  ,  ,
money871,  ,  ,
money872,  ,  ,
money873,  ,  ,
money874,  ,  ,
money875,  ,  ,
money876,  ,  ,
money877,  ,  ,
money878,  ,  ,
money879,  ,  ,
money880,  ,  ,
money881,  ,  ,
money882,  ,  ,
money883,  ,  ,
money884,  ,  ,
money885,  ,  ,
money886,  ,  ,
money887,  ,  ,
money888,  ,  ,
money889,  ,  ,
money890,  ,  ,
money891,  ,  ,
money892,  ,  ,
money893,  ,  ,
money894,  ,  ,
money895,  ,  ,
money896,  ,  ,
money897,  ,  ,
money898,  ,  ,
money899,  ,  ,
money900,  ,  ,
money901,  ,  ,
money902,  ,  ,
money903,  ,  ,
money904,  ,  ,
money905,  ,  ,
money906,  ,  ,
money907,  ,  ,
money908,  ,  ,
money909,  ,  ,
money910,  ,  ,
money911,  ,  ,
money912,  ,  ,
money913,  ,  ,
money914,  ,  ,
money915,  ,  ,
money916,  ,  ,
money917,  ,  ,
money918,  ,  ,
money919,  ,  ,
money920,  ,  ,
money921,  ,  ,
money922,  ,  ,
money923,  ,  ,
money924,  ,  ,
money925,  ,  ,
money926,  ,  ,
money927,  ,  ,
money928,  ,  ,
money929,  ,  ,
money930,  ,  ,
money931,  ,  ,
money932,  ,  ,
money933,  ,  ,
money934,  ,  ,
money935,  ,  ,
money936,  ,  ,
money937,  ,  ,
money938,  ,  ,
money939,  ,  ,
money940,  ,  ,
money941,  ,  ,
money942,  ,  ,
money943,  ,  ,
money944,  ,  ,
money945,  ,  ,
money946,  ,  ,
money947,  ,  ,
money948,  ,  ,
money949,  ,  ,
money950,  ,  ,
money951,  ,  ,
money952,  ,  ,
money953,  ,  ,
money954,  ,  ,
money955,  ,  ,
money956,  ,  ,
money957,dollars ,92,
money958,cents ,53,
money959,dollars ,30,
money960,dollars ,40,
money961,dollars ,22,
money962,dollars ,20,
money963,dollars ,10,
money964,dollars ,10,
money965,dollars ,5,
money966,dollars ,5,
money967,dollars ,30,
money968,dollars ,30,
money969,dollars ,4,
money970,dollars ,4,
money971,cents ,75,
money972,cents ,75,
money973,dollars ,1,
money974,dollars ,1,
money975,dollars ,10,
money976,dollars ,10,
money977,dollars ,2,
money978,dollars ,2,
money979,cents ,50,
money980,cents ,50,
money981,dollars ,23,
money982,dollars ,11,
money983,cents ,34,
money984,dollars ,14,
money985,cents ,50,
money986,dollars ,25,
money987,cents ,10,
money988,dollars ,4,
money989,dollars ,1,
money990,dollars ,20,
money991,cents ,80,
money992,dollars ,20,
money993,cents ,80,
money994,dollars ,1,
money995,dollars ,5,
money996,cents ,50,
money997,cents ,99,
money998,cents ,99,
money999,dollars ,1,
money1000,dollars ,1,
money1001,cents ,1,
money1002,cents ,1,
money1003,cents ,25,
money1004,dollars ,1,
money1005,dollars ,1,
money1006,cents ,53,
money1007,cents ,53,
money1008,cents ,29,
money1009,cents ,29,
money1010,dollars ,16,
money1011,dollars ,16,
money1012,cents ,75,
money1013,cents ,75,
money1014,dollars ,1,
money1015,dollars ,1,
money1016,cents ,65,
money1017,cents ,65,
money1018,cents ,37,
money1019,cents ,37,
money1020,dollars ,1,
money1021,dollars ,1,
money1022,cents ,27,
money1023,cents ,27,
money1024,cents ,90,
money1025,cents ,90,
money1026,  ,  ,
money1027,  ,  ,
money1028,  ,  ,
money1029,  ,  ,
money1030,  ,  ,
money1031,  ,  ,
money1032,  ,  ,
money1033,  ,  ,
money1034,  ,  ,
money1035,  ,  ,
money1036,  ,  ,
money1037,  ,  ,
money1038,  ,  ,
money1039,  ,  ,
money1040,  ,  ,
money1041,  ,  ,
money1042,  ,  ,
money1043,  ,  ,
money1044,  ,  ,
money1045,  ,  ,
money1046,  ,  ,
money1047,  ,  ,
money1048,  ,  ,
money1049,  ,  ,
money1050,  ,  ,
money1051,  ,  ,
money1052,  ,  ,
money1053,  ,  ,
money1054,  ,  ,
money1055,  ,  ,
money1056,  ,  ,
money1057,  ,  ,
money1058,  ,  ,
money1059,  ,  ,
money1060,  ,  ,
money1061,  ,  ,
money1062,  ,  ,
money1063,  ,  ,
money1064,  ,  ,
money1065,  ,  ,
money1066,  ,  ,
money1067,  ,  ,
money1068,  ,  ,
money1069,  ,  ,
money1070,  ,  ,
money1071,  ,  ,
money1072,  ,  ,
money1073,  ,  ,
money1074,  ,  ,
money1075,  ,  ,
money1076,  ,  ,
money1077,  ,  ,
money1078,  ,  ,
money1079,  ,  ,
money1080,  ,  ,
money1081,  ,  ,
money1082,  ,  ,
money1083,  ,  ,
money1084,  ,  ,
money1085,  ,  ,
money1086,  ,  ,
money1087,  ,  ,
money1088,  ,  ,
money1089,  ,  ,
money1090,  ,  ,
money1091,  ,  ,
money1092,  ,  ,
money1093,  ,  ,
money1094,  ,  ,
money1095,  ,  ,
money1096,  ,  ,
money1097,  ,  ,
money1098,  ,  ,
money1099,  ,  ,
money1100,  ,  ,
money1101,  ,  ,
money1102,  ,  ,
money1103,  ,  ,
money1104,  ,  ,
money1105,  ,  ,
money1106,  ,  ,
money1107,  ,  ,
money1108,  ,  ,
money1109,  ,  ,
money1110,  ,  ,
money1111,  ,  ,
money1112,  ,  ,
money1113,  ,  ,
money1114,  ,  ,
money1115,  ,  ,
money1116,  ,  ,
money1117,  ,  ,
money1118,  ,  ,
money1119,  ,  ,
money1120,  ,  ,
money1121,  ,  ,
money1122,  ,  ,
money1123,  ,  ,
money1124,  ,  ,
money1125,  ,  ,
money1126,  ,  ,
money1127,  ,  ,
money1128,  ,  ,
money1129,  ,  ,
money1130,  ,  ,
money1131,dollars ,117,
money1132,cents ,50,
money1133,dollars ,1,
money1134,cents ,33,
money1135,dollars ,5,
money1136,dollars ,10,
money1137,dollars ,10,
money1138,dollars ,1,
money1139,cents ,5,
money1140,cents ,63,
money1141,dollars ,5,
money1142,dollars ,10,
money1143,dollars ,15,
money1144,dollars ,2,
money1145,cents ,93,
money1146,dollars ,30.47,
money1147,dollars ,32.5,
money1148,cents ,17,
money1149,cents ,63,
money1150,dollars ,50,
money1151,dollars ,10,
money1152,cents ,61,
money1153,dollars ,4,
money1154,cents ,36,
money1155,dollars ,8,
money1156,cents ,50,
money1157,dollars ,21,
money1158,cents ,50,
money1159,  ,  ,
money1160,  ,  ,
money1161,  ,  ,
money1162,  ,  ,
money1163,  ,  ,
money1164,  ,  ,
money1165,  ,  ,
money1166,  ,  ,
money1167,  ,  ,
money1168,  ,  ,
money1169,  ,  ,
money1170,  ,  ,
money1171,  ,  ,
money1172,  ,  ,
money1173,  ,  ,
money1174,  ,  ,
money1175,  ,  ,
money1176,  ,  ,
money1177,  ,  ,
money1178,  ,  ,
money1179,  ,  ,
money1180,  ,  ,
money1181,  ,  ,
money1182,  ,  ,
money1183,  ,  ,
money1184,  ,  ,
money1185,  ,  ,
money1186,  ,  ,
money1187,  ,  ,
money1188,  ,  ,
money1189,  ,  ,
money1190,  ,  ,
money1191,  ,  ,
money1192,  ,  ,
money1193,  ,  ,
money1194,  ,  ,
money1195,  ,  ,
money1196,  ,  ,
money1197,  ,  ,
money1198,  ,  ,
money1199,  ,  ,
money1200,  ,  ,
money1201,  ,  ,
money1202,  ,  ,
money1203,  ,  ,
money1204,  ,  ,
money1205,  ,  ,
money1206,  ,  ,
money1207,  ,  ,
money1208,  ,  ,
money1209,  ,  ,
money1210,  ,  ,
money1211,  ,  ,
money1212,  ,  ,
money1213,  ,  ,
money1214,  ,  ,
money1215,  ,  ,
money1216,  ,  ,
money1217,  ,  ,
money1218,  ,  ,
money1219,  ,  ,
money1220,  ,  ,
money1221,  ,  ,
money1222,  ,  ,
money1223,  ,  ,
money1224,  ,  ,
money1225,  ,  ,
money1226,  ,  ,
money1227,  ,  ,
money1228,  ,  ,
money1229,  ,  ,
money1230,  ,  ,
money1231,  ,  ,
money1232,  ,  ,
money1233,  ,  ,
money1234,  ,  ,
money1235,  ,  ,
money1236,  ,  ,
money1237,  ,  ,
money1238,  ,  ,
money1239,  ,  ,
money1240,  ,  ,
money1241,  ,  ,
money1242,  ,  ,
money1243,  ,  ,
money1244,  ,  ,
money1245,  ,  ,
money1246,  ,  ,
money1247,  ,  ,
money1248,  ,  ,
money1249,dollars ,3,
money1250,dollars ,3,
money1251,dollars ,2,
money1252,dollars ,2,
money1253,cents ,3,
money1254,cents ,3,
money1255,cents ,61,
money1256,cents ,61,
money1257,dollars ,10,
money1258,dollars ,10,
money1259,dollars ,3,
money1260,dollars ,3,
money1261,cents ,80,
money1262,cents ,80,
money1263,dollars ,2,
money1264,dollars ,2,
money1265,dollars ,4.5,
money1266,dollars ,4.5,
money1267,dollars ,4,
money1268,dollars ,4,
money1269,cents ,8,
money1270,cents ,8,
money1271,dollars ,15,
money1272,dollars ,15,
money1273,dollars ,20,
money1274,dollars ,20,
money1275,dollars ,3,
money1276,dollars ,3,
money1277,cents ,45,
money1278,cents ,45,
money1279,dollars ,2,
money1280,dollars ,2,
money1281,cents ,8,
money1282,cents ,8,
money1283,dollars ,8,
money1284,dollars ,8,
money1285,dollars ,20,
money1286,dollars ,20,
money1287,dollars ,3.6,
money1288,dollars ,3.6,
money1289,dollars ,3,
money1290,dollars ,3,
money1291,cents ,60,
money1292,cents ,60,
money1293,dollars ,28,
money1294,dollars ,28,
money1295,cents ,80,
money1296,cents ,80,
money1297,dollars ,6,
money1298,dollars ,6,
money1299,cents ,13,
money1300,cents ,13,
money1301,dollars ,17,
money1302,dollars ,17,
money1303,cents ,50,
money1304,cents ,50,
money1305,dollars ,5,
money1306,dollars ,5,
money1307,dollars ,40,
money1308,dollars ,1,
money1309,cents ,40,
money1310,dollars ,3,
money1311,dollars ,180,
money1312,cents ,44,
money1313,dollars ,1,
money1314,cents ,50,
money1315,dollars ,1,
money1316,cents ,58,
money1317,cents ,6,
money1318,dollars ,5,
money1319,dollars ,5,
money1320,cents ,50,
money1321,dollars ,0.5,
money1322,dollars ,2,
money1323,dollars ,2,
money1324,cents ,48,
money1325,cents ,48,
money1326,dollars ,5,
money1327,dollars ,3,
money1328,cents ,12,
money1329,cents ,33,
money1330,dollars ,5,
money1331,dollars ,3,
money1332,dollars ,1,
money1333,cents ,6,
money1334,cents ,9,
money1335,cents ,9,
money1336,cents ,58,
money1337,cents ,58,
money1338,dollars ,10,
money1339,dollars ,1,
money1340,dollars ,1,
money1341,cents ,50,
money1342,cents ,50,
money1343,dollars ,2,
money1344,dollars ,2,
money1345,cents ,40,
money1346,cents ,40,
money1347,dollars ,1,
money1348,dollars ,1,
money1349,cents ,50,
money1350,cents ,50,
money1351,dollars ,26,
money1352,dollars ,26,
money1353,cents ,95,
money1354,cents ,95,
money1355,dollars ,5,
money1356,dollars ,5,
money1357,cents ,85,
money1358,cents ,85,
money1359,dollars ,3,
money1360,dollars ,3,
money1361,cents ,16,
money1362,cents ,16,
money1363,dollars ,24,
money1364,dollars ,24,
money1365,cents ,50,
money1366,cents ,50,
money1367,dollars ,3,
money1368,dollars ,3,
money1369,cents ,50,
money1370,cents ,50,
money1371,cents ,53,
money1372,cents ,53,
money1373,cents ,44,
money1374,cents ,44,
money1375,cents ,32,
money1376,cents ,32,
money1377,cents ,25,
money1378,cents ,25,
money1379,cents ,54,
money1380,cents ,54,
money1381,cents ,25,
money1382,cents ,25,
money1383,cents ,8,
money1384,cents ,8,
money1385,cents ,42,
money1386,cents ,42,
money1387,cents ,36,
money1388,cents ,36,
money1389,cents ,57,
money1390,cents ,57,
money1391,cents ,26,
money1392,cents ,26,
money1393,dollars ,1,
money1394,dollars ,1,
money1395,cents ,19,
money1396,cents ,19,
money1397,dollars ,7,
money1398,dollars ,7,
money1399,cents ,78,
money1400,cents ,78,
money1401,dollars ,15,
money1402,dollars ,15,
money1403,dollars ,3,
money1404,dollars ,3,
money1405,cents ,36,
money1406,cents ,36,
money1407,cents ,39,
money1408,cents ,39,
money1409,cents ,38,
money1410,cents ,38,
money1411,dollars ,1,
money1412,dollars ,1,
money1413,dollars ,2,
money1414,dollars ,2,
money1415,cents ,17,
money1416,cents ,17,
money1417,dollars ,1,
money1418,dollars ,1,
money1419,cents ,4,
money1420,cents ,4,
money1421,dollars ,2,
money1422,dollars ,2,
money1423,cents ,44,
money1424,cents ,44,
money1425,dollars ,2,
money1426,dollars ,2,
money1427,cents ,16,
money1428,cents ,16,
money1429,dollars ,1,
money1430,dollars ,1,
money1431,cents ,17,
money1432,cents ,50,
money1433,dollars ,1,
money1434,dollars ,2,
money1435,dollars ,2,
money1436,dollars ,2,
money1437,dollars ,2,
money1438,cents ,29,
money1439,cents ,29,
money1440,dollars ,1,
money1441,dollars ,1,
money1442,dollars ,7,
money1443,dollars ,7,
money1444,dollars ,2,
money1445,dollars ,2,
money1446,cents ,29,
money1447,cents ,29,
money1448,dollars ,2,
money1449,dollars ,2,
money1450,dollars ,8,
money1451,dollars ,8,
money1452,cents ,77,
money1453,cents ,77,
money1454,dollars ,1,
money1455,dollars ,1,
money1456,cents ,86,
money1457,dollars ,3,
money1458,dollars ,3,
money1459,cents ,33,
money1460,cents ,33,
money1461,dollars ,1,
money1462,dollars ,1,
money1463,cents ,90,
money1464,cents ,90,
money1465,cents ,20,
money1466,cents ,17,
money1467,cents ,17,
money1468,dollars ,1,
money1469,dollars ,1,
money1470,cents ,10,
money1471,cents ,10,
money1472,cents ,85,
money1473,cents ,85,
money1474,cents ,14,
money1475,cents ,14,
money1476,cents ,43,
money1477,cents ,43,
money1478,cents ,10,
money1479,cents ,10,
money1480,dollars ,2,
money1481,dollars ,2,
money1482,dollars ,1,
money1483,dollars ,1,
money1484,cents ,13,
money1485,cents ,13,
money1486,cents ,18,
money1487,cents ,54,
money1488,cents ,19,
money1489,dollars ,20,
money1490,dollars ,5,
money1491,dollars ,3,
money1492,cents ,63,
money1493,dollars ,1,
money1494,cents ,40,
money1495,dollars ,16,
money1496,cents ,32,
money1497,dollars ,2,
money1498,dollars ,2,
money1499,dollars ,22,
money1500,dollars ,25,
money1501,dollars ,2,
money1502,dollars ,4,
money1503,cents ,50,
money1504,dollars ,9,
money1505,cents ,52,
money1506,cents ,77,
money1507,dollars ,5,
money1508,dollars ,2,
money1509,cents ,25,
money1510,dollars ,3,
money1511,dollars ,40,
money1512,dollars ,2,
money1513,cents ,25,
money1514,dollars ,2,
money1515,cents ,25,
money1516,dollars ,15,
money1517,cents ,58,
money1518,cents ,25,
money1519,cents ,50,
money1520,cents ,25,
money1521,cents ,42,
money1522,cents ,25,
money1523,cents ,25,
money1524,cents ,42,
money1525,cents ,25,
money1526,cents ,42,
money1527,  ,  ,
money1528,  ,  ,
money1529,  ,  ,
money1530,  ,  ,
money1531,  ,  ,
money1532,  ,  ,
money1533,  ,  ,
money1534,  ,  ,
money1535,  ,  ,
money1536,  ,  ,
money1537,  ,  ,
pers_WCDH180 ,Otis Blandin ,  ,paturage 
money1539,  ,  ,
money1540,  ,  ,
money1541,  ,  ,
money1542,  ,  ,
money1543,  ,  ,
money1544,  ,  ,
money1545,  ,  ,
money1546,  ,  ,
money1547,  ,  ,
money1548,  ,  ,
money1549,  ,  ,
money1550,  ,  ,
money1551,  ,  ,
money1552,  ,  ,
money1553,  ,  ,
money1554,  ,  ,
money1555,  ,  ,
money1556,  ,  ,
money1557,  ,  ,
money1558,  ,  ,
money1559,  ,  ,
money1560,  ,  ,
money1561,  ,  ,
money1562,  ,  ,
money1563,dollars ,2,
money1564,cents ,50,
money1565,cents ,50,
money1566,dollars ,26,
money1567,cents ,90,
money1568,cents ,50,
money1569,dollars ,28,
money1570,dollars ,2,
money1571,dollars ,2,
money1572,dollars ,26,
money1573,dollars ,26,
money1574,dollars ,3,
money1575,dollars ,3,
money1576,dollars ,2,
money1577,dollars ,2,
money1578,cents ,50,
money1579,cents ,50,
money1580,dollars ,12,
money1581,cents ,20,
money1582,dollars ,50,
money1583,dollars ,50,
money1584,cents ,50,
money1585,dollars ,1.5,
money1586,dollars ,1,
money1587,cents ,50,
money1588,cents ,65,
money1589,dollars ,100,
money1590,dollars ,100,
money1591,dollars ,9,
money1592,cents ,10,
money1593,cents ,19,
money1594,dollars ,13,
money1595,dollars ,13,
money1596,cents ,50,
money1597,cents ,50,
money1598,dollars ,1,
money1599,cents ,72,
money1600,dollars ,2,
money1601,dollars ,2,
money1602,cents ,80,
money1603,cents ,80,
money1604,cents ,56,
money1605,cents ,83,
money1606,cents ,34,
money1607,cents ,37,
money1608,dollars ,0.5,
money1609,dollars ,1,
money1610,cents ,10,
money1611,dollars ,50,
money1612,dollars ,50,
money1613,dollars ,0.5,
money1614,dollars ,0.5,
money1615,cents ,62,
money1616,dollars ,1,
money1617,cents ,20,
money1618,dollars ,15,
money1619,cents ,79,
money1620,dollars ,1,
money1621,dollars ,7,
money1622,dollars ,7,
money1623,cents ,11,
money1624,cents ,11,
money1625,cents ,90,
money1626,cents ,90,
money1627,dollars ,5,
money1628,dollars ,5,
money1629,cents ,53,
money1630,cents ,53,
money1631,dollars ,2,
money1632,dollars ,2,
money1633,cents ,36,
money1634,cents ,36,
money1635,dollars ,1,
money1636,dollars ,1,
money1637,cents ,12,
money1638,cents ,12,
money1639,dollars ,25,
money1640,dollars ,25,
money1641,dollars ,2,
money1642,dollars ,2,
money1643,cents ,19,
money1644,cents ,19,
money1645,dollars ,25,
money1646,dollars ,25,
money1647,cents ,75,
money1648,cents ,75,
money1649,cents ,62,
money1650,cents ,62,
money1651,dollars ,1,
money1652,dollars ,1,
money1653,cents ,50,
money1654,cents ,50,
money1655,dollars ,1,
money1656,dollars ,1,
money1657,cents ,33,
money1658,cents ,33,
money1659,dollars ,1,
money1660,cents ,25,
money1661,dollars ,3,
money1662,  ,  ,
money1663,cents ,50,
money1664,cents ,50,
money1665,cents ,56,
money1666,cents ,56,
money1667,cents ,50,
money1668,cents ,50,
money1669,dollars ,13,
money1670,dollars ,13,
money1671,cents ,56,
money1672,cents ,56,
money1673,cents ,42,
money1674,cents ,42,
money1675,dollars ,3,
money1676,dollars ,3,
money1677,cents ,99,
money1678,cents ,99,
money1679,cents ,21,
money1680,cents ,21,
money1681,cents ,50,
money1682,cents ,50,
money1683,dollars ,1,
money1684,dollars ,1,
money1685,cents ,47,
money1686,cents ,47,
money1687,cents ,39,
money1688,cents ,39,
money1689,cents ,21,
money1690,cents ,21,
money1691,cents ,51,
money1692,cents ,51,
money1693,cents ,84,
money1694,cents ,84,
money1695,cents ,50,
money1696,cents ,50,
money1697,cents ,63,
money1698,cents ,63,
money1699,dollars ,7,
money1700,dollars ,7,
money1701,cents ,84,
money1702,cents ,84,
money1703,dollars ,3,
money1704,dollars ,3,
money1705,dollars ,1,
money1706,dollars ,1,
money1707,dollars ,1,
money1708,cents ,15,
money1709,dollars ,3.56,
money1710,dollars ,7,
money1711,dollars ,11,
money1712,cents ,70,
money1713,dollars ,3,
money1714,cents ,50,
money1715,dollars ,0.5,
money1716,dollars ,5,
money1717,dollars ,1,
money1718,dollars ,5,
money1719,dollars ,2,
money1720,cents ,50,
money1721,cents ,6,
money1722,dollars ,1,
money1723,cents ,48,
money1724,dollars ,5,
money1725,cents ,88,
money1726,dollars ,24,
money1727,cents ,50,
money1728,dollars ,2,
money1729,cents ,50,
money1730,dollars ,0.5,
money1731,dollars ,5,
money1732,dollars ,0.5,
money1733,dollars ,150,
money1734,dollars ,10,
money1735,cents ,25,
money1736,cents ,25,
money1737,dollars ,10,
money1738,dollars ,2,
money1739,cents ,75,
money1740,dollars ,34,
money1741,cents ,48,
money1742,dollars ,10,
money1743,dollars ,40,
money1744,dollars ,2,
money1745,dollars ,240,
money1746,dollars ,100,
money1747,dollars ,5,
money1748,dollars ,6,
money1749,dollars ,6,
money1750,cents ,97,
money1751,cents ,97,
money1752,cents ,40,
money1753,dollars ,1,
money1754,cents ,30,
money1755,  ,  ,
money1756,  ,  ,
money1757,  ,  ,
money1758,  ,  ,
money1759,  ,  ,
money1760,  ,  ,
money1761,  ,  ,
money1762,  ,  ,
money1763,  ,  ,
money1764,  ,  ,
money1765,  ,  ,
money1766,  ,  ,
money1767,  ,  ,
money1768,  ,  ,
money1769,  ,  ,
money1770,  ,  ,
money1771,  ,  ,
money1772,  ,  ,
money1773,  ,  ,
money1774,  ,  ,
money1775,  ,  ,
money1776,  ,  ,
money1777,  ,  ,
money1778,  ,  ,
money1779,  ,  ,
money1780,  ,  ,
money1781,  ,  ,
money1782,  ,  ,
money1783,  ,  ,
money1784,  ,  ,
money1785,  ,  ,
money1786,  ,  ,
money1787,  ,  ,
money1788,  ,  ,
money1789,  ,  ,
money1790,  ,  ,
money1791,  ,  ,
money1792,  ,  ,
money1793,  ,  ,
money1794,  ,  ,
money1795,  ,  ,
money1796,  ,  ,
money1797,  ,  ,
money1798,  ,  ,
money1799,  ,  ,
money1800,  ,  ,
money1801,  ,  ,
money1802,  ,  ,
money1803,  ,  ,
money1804,  ,  ,
money1805,  ,  ,
money1806,  ,  ,
money1807,  ,  ,
money1808,  ,  ,
money1809,  ,  ,
money1810,  ,  ,
money1811,  ,  ,
money1812,  ,  ,
money1813,  ,  ,
money1814,  ,  ,
money1815,  ,  ,
money1816,  ,  ,
money1817,  ,  ,
money1818,  ,  ,
money1819,  ,  ,
money1820,  ,  ,
money1821,  ,  ,
money1822,  ,  ,
money1823,  ,  ,
money1824,  ,  ,
money1825,  ,  ,
money1826,  ,  ,
money1827,  ,  ,
money1828,  ,  ,
money1829,  ,  ,
money1830,  ,  ,
money1831,  ,  ,
money1832,  ,  ,
money1833,  ,  ,
money1834,  ,  ,
money1835,  ,  ,
money1836,  ,  ,
money1837,  ,  ,
money1838,  ,  ,
money1839,  ,  ,
money1840,  ,  ,
money1841,  ,  ,
money1842,  ,  ,
money1843,  ,  ,
money1844,  ,  ,
money1845,  ,  ,
money1846,  ,  ,
money1847,  ,  ,
money1848,  ,  ,
money1849,  ,  ,
money1850,  ,  ,
money1851,  ,  ,
money1852,  ,  ,
money1853,  ,  ,
money1854,  ,  ,
money1855,  ,  ,
money1856,  ,  ,
money1857,  ,  ,
money1858,  ,  ,
money1859,  ,  ,
money1860,  ,  ,
money1861,  ,  ,
money1862,  ,  ,
money1863,  ,  ,
money1864,  ,  ,
money1865,  ,  ,
money1866,  ,  ,
money1867,dollars ,3,
money1868,dollars ,5,
money1869,dollars ,2,
money1870,cents ,29,
money1871,cents ,31,
money1872,cents ,71,
money1873,dollars ,10,
money1874,dollars ,20,
money1875,dollars ,2,
money1876,cents ,25,
money1877,dollars ,1,
money1878,cents ,75,
money1879,cents ,10,
money1880,dollars ,4,
money1881,cents ,25,
money1882,cents ,13,
money1883,dollars ,4,
money1884,cents ,1,
money1885,cents ,30,
money1886,dollars ,1,
money1887,cents ,27,
money1888,dollars ,1,
money1889,dollars ,3,
money1890,cents ,6,
money1891,cents ,60,
money1892,cents ,50,
money1893,dollars ,1,
money1894,cents ,79,
money1895,cents ,50,
money1896,dollars ,11,
money1897,dollars ,2,
money1898,cents ,10,
money1899,dollars ,1,
money1900,dollars ,22,
money1901,cents ,54,
money1902,cents ,20,
money1903,dollars ,2,
money1904,cents ,50,
money1905,cents ,25,
money1906,cents ,25,
money1907,cents ,25,
money1908,dollars ,1,
money1909,dollars ,1,
money1910,cents ,26,
money1911,cents ,26,
money1912,cents ,33,
money1913,cents ,33,
money1914,cents ,42,
money1915,cents ,42,
money1916,cents ,84,
money1917,cents ,84,
money1918,cents ,42,
money1919,cents ,42,
money1920,cents ,84,
money1921,cents ,84,
money1922,cents ,56,
money1923,cents ,56,
money1924,cents ,52,
money1925,cents ,52,
money1926,cents ,84,
money1927,cents ,84,
money1928,cents ,56,
money1929,cents ,56,
money1930,cents ,84,
money1931,cents ,84,
money1932,cents ,69,
money1933,cents ,69,
money1934,cents ,28,
money1935,cents ,28,
money1936,cents ,84,
money1937,cents ,84,
money1938,cents ,42,
money1939,cents ,42,
money1940,dollars ,6,
money1941,dollars ,6,
money1942,dollars ,1,
money1943,dollars ,1,
money1944,cents ,26,
money1945,cents ,26,
money1946,cents ,56,
money1947,cents ,56,
money1948,cents ,63,
